"Gene_ID","Kmeans_Cluster"
"g_00005","2"
"g_00016","8"
"g_00028","2"
"g_00048","6"
"g_00071","6"
"g_00083","8"
"g_00096","6"
"g_00098","2"
"g_00120","6"
"g_00121","8"
"g_00123","6"
"g_00126","8"
"g_00128","8"
"g_00133","6"
"g_00141","2"
"g_00146","8"
"g_00152","6"
"g_00155","6"
"g_00160","6"
"g_00166","2"
"g_00179","6"
"g_00184","8"
"g_00198","8"
"g_00200","2"
"g_00201","8"
"g_00216","6"
"g_00219","8"
"g_00241","3"
"g_00243","1"
"g_00253","6"
"g_00254","8"
"g_00260","6"
"g_00287","2"
"g_00305","8"
"g_00366","2"
"g_00372","6"
"g_00382","8"
"g_00383","8"
"g_00386","8"
"g_00387","2"
"g_00392","8"
"g_00400","3"
"g_00406","2"
"g_00425","6"
"g_00434","3"
"g_00435","8"
"g_00441","8"
"g_00443","4"
"g_00459","2"
"g_00460","8"
"g_00470","8"
"g_00472","2"
"g_00477","6"
"g_00486","2"
"g_00490","2"
"g_00511","6"
"g_00523","2"
"g_00535","8"
"g_00543","2"
"g_00547","8"
"g_00551","2"
"g_00574","8"
"g_00583","2"
"g_00598","8"
"g_00603","1"
"g_00610","6"
"g_00611","2"
"g_00630","2"
"g_00632","8"
"g_00640","8"
"g_00648","6"
"g_00653","8"
"g_00676","8"
"g_00679","8"
"g_00685","8"
"g_00693","8"
"g_00701","8"
"g_00778","8"
"g_00789","7"
"g_00810","6"
"g_00812","8"
"g_00813","8"
"g_00822","8"
"g_00834","8"
"g_00864","8"
"g_00892","2"
"g_00899","8"
"g_00907","6"
"g_00943","2"
"g_00970","2"
"g_00980","8"
"g_00982","2"
"g_00992","8"
"g_01014","1"
"g_01028","6"
"g_01041","8"
"g_01042","6"
"g_01043","2"
"g_01051","2"
"g_01052","5"
"g_01066","1"
"g_01078","8"
"g_01087","3"
"g_01105","8"
"g_01106","8"
"g_01112","3"
"g_01117","6"
"g_01131","2"
"g_01132","2"
"g_01136","6"
"g_01144","2"
"g_01145","8"
"g_01148","2"
"g_01152","8"
"g_01174","8"
"g_01182","2"
"g_01205","6"
"g_01208","2"
"g_01259","8"
"g_01271","8"
"g_01316","8"
"g_01323","2"
"g_01331","8"
"g_01351","8"
"g_01363","8"
"g_01367","6"
"g_01380","8"
"g_01394","6"
"g_01395","8"
"g_01404","8"
"g_01429","8"
"g_01445","4"
"g_01446","6"
"g_01455","3"
"g_01477","8"
"g_01478","8"
"g_01492","6"
"g_01498","8"
"g_01510","8"
"g_01523","8"
"g_01530","8"
"g_01531","2"
"g_01547","8"
"g_01555","2"
"g_01562","9"
"g_01572","6"
"g_01581","6"
"g_01634","2"
"g_01668","9"
"g_01671","5"
"g_01676","8"
"g_01693","2"
"g_01713","6"
"g_01719","2"
"g_01773","3"
"g_01813","6"
"g_01832","8"
"g_01837","6"
"g_01838","2"
"g_01859","6"
"g_01860","6"
"g_01863","8"
"g_01883","6"
"g_01889","4"
"g_01899","2"
"g_01903","8"
"g_01932","8"
"g_01964","8"
"g_02003","8"
"g_02010","3"
"g_02044","2"
"g_02050","8"
"g_02054","8"
"g_02061","8"
"g_02065","6"
"g_02071","6"
"g_02072","6"
"g_02079","2"
"g_02082","5"
"g_02084","6"
"g_02090","8"
"g_02100","1"
"g_02113","8"
"g_02144","8"
"g_02168","6"
"g_02184","8"
"g_02186","8"
"g_02229","8"
"g_02244","6"
"g_02254","6"
"g_02256","8"
"g_02287","7"
"g_02291","2"
"g_02296","6"
"g_02330","6"
"g_02332","2"
"g_02336","8"
"g_02346","8"
"g_02354","1"
"g_02376","8"
"g_02400","3"
"g_02406","8"
"g_02428","4"
"g_02445","8"
"g_02446","8"
"g_02460","8"
"g_02462","8"
"g_02490","2"
"g_02493","8"
"g_02531","8"
"g_02556","2"
"g_02560","8"
"g_02624","2"
"g_02640","2"
"g_02641","8"
"g_02650","8"
"g_02680","2"
"g_02720","3"
"g_02723","2"
"g_02739","8"
"g_02740","8"
"g_02741","8"
"g_02745","2"
"g_02773","8"
"g_02810","8"
"g_02811","8"
"g_02816","4"
"g_02840","8"
"g_02857","8"
"g_02862","8"
"g_02893","6"
"g_02895","8"
"g_02897","8"
"g_02933","4"
"g_02942","8"
"g_02982","8"
"g_03006","8"
"g_03026","2"
"g_03037","6"
"g_03067","6"
"g_03080","2"
"g_03085","6"
"g_03086","6"
"g_03088","2"
"g_03098","3"
"g_03101","8"
"g_03113","2"
"g_03115","8"
"g_03118","8"
"g_03129","3"
"g_03132","6"
"g_03146","8"
"g_03149","10"
"g_03168","8"
"g_03175","2"
"g_03179","8"
"g_03203","6"
"g_03207","8"
"g_03236","2"
"g_03247","8"
"g_03270","6"
"g_03273","2"
"g_03282","3"
"g_03320","6"
"g_03330","8"
"g_03424","2"
"g_03428","8"
"g_03436","8"
"g_03442","6"
"g_03459","8"
"g_03477","8"
"g_03481","8"
"g_03495","8"
"g_03501","6"
"g_03534","2"
"g_03612","6"
"g_03626","2"
"g_03631","8"
"g_03632","8"
"g_03644","6"
"g_03645","8"
"g_03659","6"
"g_03670","3"
"g_03681","8"
"g_03702","2"
"g_03705","8"
"g_03738","8"
"g_03740","2"
"g_03746","6"
"g_03763","6"
"g_03764","2"
"g_03765","2"
"g_03782","8"
"g_03783","8"
"g_03803","8"
"g_03825","6"
"g_03830","8"
"g_03865","8"
"g_03874","9"
"g_03900","4"
"g_03903","6"
"g_03908","8"
"g_03917","8"
"g_03918","3"
"g_03928","2"
"g_03931","8"
"g_03932","8"
"g_03934","2"
"g_03941","8"
"g_03966","6"
"g_03998","2"
"g_04038","8"
"g_04039","6"
"g_04070","6"
"g_04073","6"
"g_04084","8"
"g_04092","8"
"g_04111","2"
"g_04118","8"
"g_04131","2"
"g_04136","2"
"g_04149","3"
"g_04151","8"
"g_04153","8"
"g_04183","2"
"g_04211","8"
"g_04239","8"
"g_04256","2"
"g_04267","8"
"g_04270","8"
"g_04276","6"
"g_04279","2"
"g_04286","2"
"g_04289","3"
"g_04290","8"
"g_04310","8"
"g_04335","8"
"g_04337","2"
"g_04345","6"
"g_04347","8"
"g_04398","8"
"g_04402","8"
"g_04427","8"
"g_04437","3"
"g_04465","2"
"g_04507","2"
"g_04512","6"
"g_04516","8"
"g_04536","2"
"g_04545","6"
"g_04556","8"
"g_04557","6"
"g_04560","8"
"g_04575","8"
"g_04576","2"
"g_04588","8"
"g_04600","6"
"g_04601","8"
"g_04613","2"
"g_04614","8"
"g_04621","6"
"g_04685","8"
"g_04687","8"
"g_04696","3"
"g_04711","8"
"g_04716","6"
"g_04717","8"
"g_04721","8"
"g_04722","8"
"g_04731","8"
"g_04733","8"
"g_04760","6"
"g_04762","8"
"g_04765","8"
"g_04766","8"
"g_04777","6"
"g_04780","2"
"g_04822","8"
"g_04851","6"
"g_04860","8"
"g_04876","3"
"g_04879","8"
"g_04882","8"
"g_04897","6"
"g_04903","8"
"g_04924","3"
"g_04925","3"
"g_04946","8"
"g_04974","8"
"g_04987","3"
"g_05014","8"
"g_05018","8"
"g_05051","8"
"g_05056","2"
"g_05071","6"
"g_05073","6"
"g_05075","2"
"g_05086","2"
"g_05104","8"
"g_05115","6"
"g_05116","6"
"g_05117","6"
"g_05119","8"
"g_05142","3"
"g_05144","8"
"g_05172","8"
"g_05173","8"
"g_05188","8"
"g_05212","2"
"g_05220","2"
"g_05234","8"
"g_05242","6"
"g_05274","8"
"g_05276","8"
"g_05293","8"
"g_05334","8"
"g_05343","8"
"g_05359","3"
"g_05362","6"
"g_05371","8"
"g_05373","8"
"g_05393","2"
"g_05408","10"
"g_05428","3"
"g_05434","8"
"g_05436","8"
"g_05439","8"
"g_05452","2"
"g_05453","2"
"g_05455","8"
"g_05488","8"
"g_05517","8"
"g_05518","8"
"g_05521","5"
"g_05526","8"
"g_05533","9"
"g_05553","8"
"g_05557","2"
"g_05560","10"
"g_05561","8"
"g_05571","6"
"g_05608","8"
"g_05609","8"
"g_05615","8"
"g_05631","3"
"g_05650","8"
"g_05651","8"
"g_05666","4"
"g_05668","3"
"g_05669","2"
"g_05675","2"
"g_05695","8"
"g_05696","8"
"g_05704","3"
"g_05709","2"
"g_05718","3"
"g_05735","8"
"g_05736","8"
"g_05737","8"
"g_05738","8"
"g_05758","8"
"g_05777","8"
"g_05790","2"
"g_05804","6"
"g_05806","8"
"g_05811","8"
"g_05818","8"
"g_05824","8"
"g_05844","7"
"g_05859","2"
"g_05866","8"
"g_05875","8"
"g_05879","8"
"g_05880","5"
"g_05904","8"
"g_05917","3"
"g_05920","6"
"g_05943","8"
"g_05956","6"
"g_05977","6"
"g_05978","8"
"g_06003","8"
"g_06008","8"
"g_06014","6"
"g_06015","6"
"g_06016","9"
"g_06023","4"
"g_06029","8"
"g_06034","8"
"g_06054","2"
"g_06063","8"
"g_06078","6"
"g_06086","4"
"g_06093","9"
"g_06106","1"
"g_06119","2"
"g_06122","8"
"g_06135","2"
"g_06136","8"
"g_06148","8"
"g_06150","8"
"g_06179","3"
"g_06184","8"
"g_06186","5"
"g_06192","8"
"g_06194","8"
"g_06200","6"
"g_06201","6"
"g_06237","9"
"g_06240","8"
"g_06312","8"
"g_06315","8"
"g_06321","8"
"g_06328","1"
"g_06337","6"
"g_06339","8"
"g_06353","3"
"g_06374","6"
"g_06376","8"
"g_06392","6"
"g_06397","2"
"g_06398","2"
"g_06421","1"
"g_06437","2"
"g_06438","2"
"g_06467","8"
"g_06472","2"
"g_06482","8"
"g_06502","6"
"g_06523","8"
"g_06534","4"
"g_06537","8"
"g_06543","8"
"g_06554","6"
"g_06558","6"
"g_06570","6"
"g_06575","8"
"g_06583","8"
"g_06586","1"
"g_06594","8"
"g_06600","8"
"g_06617","8"
"g_06628","2"
"g_06637","2"
"g_06652","2"
"g_06655","8"
"g_06663","8"
"g_06667","1"
"g_06668","6"
"g_06670","8"
"g_06686","8"
"g_06687","4"
"g_06689","8"
"g_06696","8"
"g_06722","6"
"g_06723","8"
"g_06725","8"
"g_06726","8"
"g_06737","2"
"g_06790","2"
"g_06792","6"
"g_06804","2"
"g_06811","6"
"g_06822","8"
"g_06828","6"
"g_06842","6"
"g_06847","8"
"g_06850","2"
"g_06855","4"
"g_06856","8"
"g_06876","8"
"g_06880","6"
"g_06885","6"
"g_06886","8"
"g_06896","2"
"g_06901","7"
"g_06905","8"
"g_06911","8"
"g_06933","2"
"g_06938","2"
"g_06956","8"
"g_06960","8"
"g_06976","8"
"g_07008","6"
"g_07011","6"
"g_07022","8"
"g_07025","8"
"g_07034","6"
"g_07054","8"
"g_07086","8"
"g_07105","8"
"g_07110","6"
"g_07125","6"
"g_07127","2"
"g_07139","8"
"g_07157","7"
"g_07165","7"
"g_07177","4"
"g_07191","2"
"g_07206","5"
"g_07217","8"
"g_07221","8"
"g_07239","6"
"g_07248","6"
"g_07250","8"
"g_07309","6"
"g_07329","8"
"g_07344","8"
"g_07349","8"
"g_07359","6"
"g_07376","6"
"g_07381","8"
"g_07385","8"
"g_07405","6"
"g_07418","8"
"g_07420","2"
"g_07449","6"
"g_07452","8"
"g_07488","2"
"g_07490","8"
"g_07491","6"
"g_07504","6"
"g_07513","7"
"g_07521","2"
"g_07545","6"
"g_07566","3"
"g_07567","8"
"g_07570","8"
"g_07613","2"
"g_07643","9"
"g_07666","8"
"g_07675","2"
"g_07698","8"
"g_07719","6"
"g_07738","6"
"g_07739","8"
"g_07753","2"
"g_07775","2"
"g_07822","7"
"g_07824","8"
"g_07828","2"
"g_07829","4"
"g_07831","8"
"g_07842","3"
"g_07846","8"
"g_07877","8"
"g_07898","2"
"g_07901","8"
"g_07914","8"
"g_07916","8"
"g_07921","2"
"g_07923","2"
"g_07962","6"
"g_07977","1"
"g_07996","2"
"g_08036","2"
"g_08038","8"
"g_08040","8"
"g_08052","4"
"g_08074","8"
"g_08075","4"
"g_08079","8"
"g_08093","2"
"g_08103","6"
"g_08123","8"
"g_08166","2"
"g_08174","8"
"g_08194","8"
"g_08222","8"
"g_08236","8"
"g_08244","6"
"g_08252","2"
"g_08258","2"
"g_08265","6"
"g_08281","7"
"g_08307","6"
"g_08335","8"
"g_08361","8"
"g_08367","2"
"g_08375","3"
"g_08376","8"
"g_08392","6"
"g_08393","6"
"g_08394","10"
"g_08415","2"
"g_08418","6"
"g_08424","5"
"g_08436","4"
"g_08437","8"
"g_08440","2"
"g_08454","8"
"g_08468","2"
"g_08507","3"
"g_08508","2"
"g_08535","3"
"g_08563","8"
"g_08568","4"
"g_08572","2"
"g_08578","8"
"g_08605","7"
"g_08636","2"
"g_08641","8"
"g_08654","8"
"g_08658","6"
"g_08683","8"
"g_08700","1"
"g_08716","8"
"g_08739","6"
"g_08740","8"
"g_08743","8"
"g_08757","3"
"g_08758","6"
"g_08761","8"
"g_08789","6"
"g_08807","7"
"g_08813","6"
"g_08833","2"
"g_08836","3"
"g_08837","3"
"g_08863","4"
"g_08880","1"
"g_08892","4"
"g_08893","8"
"g_08894","3"
"g_08909","8"
"g_08928","7"
"g_08950","2"
"g_08969","4"
"g_08974","2"
"g_08991","6"
"g_08992","3"
"g_09008","5"
"g_09010","8"
"g_09021","3"
"g_09041","8"
"g_09042","8"
"g_09057","6"
"g_09080","8"
"g_09084","8"
"g_09091","8"
"g_09109","6"
"g_09123","2"
"g_09126","6"
"g_09139","2"
"g_09143","3"
"g_09160","6"
"g_09173","6"
"g_09177","2"
"g_09183","4"
"g_09198","8"
"g_09218","8"
"g_09222","8"
"g_09228","6"
"g_09230","8"
"g_09247","8"
"g_09260","6"
"g_09340","6"
"g_09348","2"
"g_09354","3"
"g_09363","8"
"g_09372","8"
"g_09378","6"
"g_09414","2"
"g_09416","6"
"g_09434","2"
"g_09443","8"
"g_09447","2"
"g_09453","8"
"g_09481","3"
"g_09501","6"
"g_09512","1"
"g_09525","6"
"g_09532","8"
"g_09545","6"
"g_09556","8"
"g_09569","8"
"g_09580","8"
"g_09581","7"
"g_09592","4"
"g_09606","8"
"g_09632","2"
"g_09673","8"
"g_09685","3"
"g_09688","8"
"g_09691","8"
"g_09707","8"
"g_09725","4"
"g_09747","9"
"g_09748","2"
"g_09751","8"
"g_09756","2"
"g_09771","4"
"g_09773","3"
"g_09778","8"
"g_09784","8"
"g_09798","7"
"g_09810","2"
"g_09812","2"
"g_09819","3"
"g_09835","6"
"g_09875","2"
"g_09880","3"
"g_09928","8"
"g_09935","8"
"g_09948","2"
"g_09955","8"
"g_09995","1"
"g_09998","8"
"g_10003","6"
"g_10028","1"
"g_10029","4"
"g_10034","6"
"g_10039","2"
"g_10049","8"
"g_10080","8"
"g_10081","8"
"g_10114","8"
"g_10126","2"
"g_10139","10"
"g_10142","8"
"g_10145","8"
"g_10158","8"
"g_10194","4"
"g_10218","1"
"g_10242","8"
"g_10266","2"
"g_10276","3"
"g_10277","6"
"g_10294","8"
"g_10303","8"
"g_10340","8"
"g_10370","8"
"g_10375","8"
"g_10379","2"
"g_10384","8"
"g_10387","6"
"g_10389","8"
"g_10398","6"
"g_10403","6"
"g_10414","8"
"g_10431","8"
"g_10433","8"
"g_10434","10"
"g_10438","8"
"g_10481","6"
"g_10491","8"
"g_10519","8"
"g_10539","7"
"g_10551","6"
"g_10561","8"
"g_10581","6"
"g_10593","8"
"g_10610","1"
"g_10626","6"
"g_10630","6"
"g_10638","2"
"g_10640","8"
"g_10655","2"
"g_10676","6"
"g_10686","4"
"g_10689","4"
"g_10690","2"
"g_10691","6"
"g_10693","8"
"g_10712","6"
"g_10714","6"
"g_10726","8"
"g_10730","8"
"g_10744","2"
"g_10746","8"
"g_10755","2"
"g_10759","3"
"g_10789","6"
"g_10805","8"
"g_10826","8"
"g_10855","6"
"g_10868","1"
"g_10881","4"
"g_10882","8"
"g_10896","6"
"g_10903","8"
"g_10915","6"
"g_10931","2"
"g_10959","5"
"g_10964","6"
"g_10966","5"
"g_10973","8"
"g_10989","9"
"g_10993","2"
"g_11001","8"
"g_11006","8"
"g_11027","6"
"g_11054","2"
"g_11055","8"
"g_11057","6"
"g_11069","6"
"g_11086","6"
"g_11106","7"
"g_11108","3"
"g_11110","8"
"g_11129","8"
"g_11132","8"
"g_11150","8"
"g_11163","8"
"g_11168","10"
"g_11186","6"
"g_11187","2"
"g_11201","6"
"g_11235","3"
"g_11255","8"
"g_11275","8"
"g_11292","6"
"g_11296","7"
"g_11299","8"
"g_11305","6"
"g_11316","8"
"g_11317","6"
"g_11321","6"
"g_11327","8"
"g_11357","2"
"g_11371","8"
"g_11372","8"
"g_11383","8"
"g_11388","4"
"g_11393","8"
"g_11409","8"
"g_11410","8"
"g_11412","8"
"g_11416","8"
"g_11432","8"
"g_11496","8"
"g_11498","8"
"g_11499","8"
"g_11500","6"
"g_11530","8"
"g_11532","2"
"g_11533","8"
"g_11541","6"
"g_11555","2"
"g_11569","8"
"g_11582","9"
"g_11607","8"
"g_11623","6"
"g_11626","8"
"g_11636","2"
"g_11658","2"
"g_11682","8"
"g_11702","8"
"g_11705","8"
"g_11709","9"
"g_11734","6"
"g_11743","8"
"g_11760","8"
"g_11771","8"
"g_11773","8"
"g_11774","8"
"g_11802","8"
"g_11810","3"
"g_11812","8"
"g_11818","2"
"g_11820","8"
"g_11842","8"
"g_11845","8"
"g_11851","8"
"g_11856","4"
"g_11865","1"
"g_11866","6"
"g_11869","2"
"g_11891","8"
"g_11900","8"
"g_11901","2"
"g_11906","8"
"g_11915","3"
"g_11926","2"
"g_11932","8"
"g_11938","8"
"g_11950","8"
"g_11985","8"
"g_12007","2"
"g_12028","8"
"g_12040","6"
"g_12069","6"
"g_12099","8"
"g_12108","3"
"g_12114","2"
"g_12120","8"
"g_12127","8"
"g_12138","2"
"g_12144","7"
"g_12229","8"
"g_12246","3"
"g_12256","2"
"g_12258","8"
"g_12267","8"
"g_12270","8"
"g_12278","2"
"g_12291","2"
"g_12299","2"
"g_12315","2"
"g_12316","8"
"g_12320","8"
"g_12324","8"
"g_12348","8"
"g_12365","3"
"g_12379","8"
"g_12382","5"
"g_12399","2"
"g_12414","8"
"g_12424","2"
"g_12427","2"
"g_12430","8"
"g_12435","6"
"g_12482","2"
"g_12502","8"
"g_12503","8"
"g_12532","8"
"g_12557","8"
"g_12583","6"
"g_12639","8"
"g_12652","6"
"g_12663","8"
"g_12672","2"
"g_12685","6"
"g_12689","2"
"g_12719","10"
"g_12727","8"
"g_12731","6"
"g_12733","2"
"g_12741","8"
"g_12743","8"
"g_12776","8"
"g_12780","8"
"g_12787","1"
"g_12791","8"
"g_12813","6"
"g_12824","8"
"g_12833","8"
"g_12847","5"
"g_12850","4"
"g_12853","8"
"g_12872","2"
"g_12878","2"
"g_12899","8"
"g_12904","10"
"g_12909","8"
"g_12917","6"
"g_12933","8"
"g_12957","2"
"g_12966","2"
"g_12971","2"
"g_12975","2"
"g_12995","8"
"g_12997","8"
"g_12998","8"
"g_13008","8"
"g_13009","2"
"g_13013","8"
"g_13022","8"
"g_13060","8"
"g_13070","3"
"g_13074","6"
"g_13097","8"
"g_13145","8"
"g_13168","8"
"g_13184","6"
"g_13185","6"
"g_13195","8"
"g_13197","8"
"g_13206","2"
"g_13209","2"
"g_13211","8"
"g_13231","2"
"g_13265","8"
"g_13274","2"
"g_13276","8"
"g_13294","8"
"g_13296","8"
"g_13302","8"
"g_13306","8"
"g_13321","8"
"g_13329","8"
"g_13339","8"
"g_13356","2"
"g_13388","9"
"g_13392","8"
"g_13400","8"
"g_13418","8"
"g_13441","8"
"g_13444","8"
"g_13450","2"
"g_13453","2"
"g_13458","2"
"g_13461","8"
"g_13467","8"
"g_13496","6"
"g_13500","9"
"g_13519","8"
"g_13533","8"
"g_13537","8"
"g_13551","2"
"g_13552","8"
"g_13553","8"
"g_13558","8"
"g_13561","8"
"g_13583","2"
"g_13587","8"
"g_13612","1"
"g_13613","2"
"g_13618","6"
"g_13641","8"
"g_13643","8"
"g_13707","1"
"g_13721","6"
"g_13745","8"
"g_13758","8"
"g_13762","8"
"g_13770","2"
"g_13785","8"
"g_13786","2"
"g_13788","2"
"g_13804","8"
"g_13821","6"
"g_13823","8"
"g_13852","6"
"g_13854","8"
"g_13860","8"
"g_13861","2"
"g_13866","8"
"g_13886","8"
"g_13900","2"
"g_13921","8"
"g_13931","8"
"g_13937","3"
"g_13947","8"
"g_13948","2"
"g_13949","6"
"g_13965","8"
"g_13972","8"
"g_13973","2"
"g_13977","8"
"g_13980","4"
"g_13988","1"
"g_14008","10"
"g_14022","8"
"g_14043","5"
"g_14049","2"
"g_14051","8"
"g_14057","2"
"g_14060","8"
"g_14084","8"
"g_14096","8"
"g_14121","3"
"g_14131","8"
"g_14143","8"
"g_14161","2"
"g_14162","8"
"g_14174","6"
"g_14191","2"
"g_14209","4"
"g_14210","6"
"g_14215","2"
"g_14227","6"
"g_14230","2"
"g_14231","8"
"g_14250","6"
"g_14258","6"
"g_14278","8"
"g_14289","8"
"g_14317","6"
"g_14359","3"
"g_14360","8"
"g_14397","6"
"g_14422","8"
"g_14423","2"
"g_14424","8"
"g_14428","4"
"g_14429","2"
"g_14434","8"
"g_14444","8"
"g_14454","8"
"g_14462","8"
"g_14473","7"
"g_14481","8"
"g_14482","8"
"g_14488","6"
"g_14496","2"
"g_14503","2"
"g_14510","2"
"g_14515","2"
"g_14528","8"
"g_14544","2"
"g_14558","2"
"g_14572","6"
"g_14580","8"
"g_14581","10"
"g_14591","8"
"g_14615","8"
"g_14622","6"
"g_14625","8"
"g_14643","8"
"g_14651","8"
"g_14662","6"
"g_14664","8"
"g_14692","8"
"g_14704","6"
"g_14713","2"
"g_14729","8"
"g_14743","6"
"g_14748","2"
"g_14783","2"
"g_14799","6"
"g_14818","2"
"g_14822","6"
"g_14824","8"
"g_14828","8"
"g_14845","8"
"g_14847","2"
"g_14850","6"
"g_14857","8"
"g_14876","2"
"g_14883","8"
"g_14908","8"
"g_14909","8"
"g_14924","6"
"g_14925","2"
"g_14949","8"
"g_14956","2"
"g_14958","8"
"g_14962","8"
"g_14970","10"
"g_14991","8"
"g_15022","2"
"g_15042","8"
"g_15062","8"
"g_15067","8"
"g_15072","8"
"g_15082","8"
"g_15088","2"
"g_15089","2"
"g_15111","8"
"g_15127","8"
"g_15139","2"
"g_15162","2"
"g_15193","8"
"g_15201","6"
"g_15203","2"
"g_15209","2"
"g_15232","8"
"g_15247","2"
"g_15261","8"
"g_15288","2"
"g_15290","6"
"g_15296","2"
"g_15299","8"
"g_15301","8"
"g_15302","8"
"g_15307","8"
"g_15316","2"
"g_15322","8"
"g_15330","8"
"g_15338","5"
"g_15367","2"
"g_15368","6"
"g_15371","2"
"g_15374","8"
"g_15375","8"
"g_15377","8"
"g_15380","6"
"g_15389","8"
"g_15403","8"
"g_15408","2"
"g_15412","6"
"g_15421","2"
"g_15433","2"
"g_15442","2"
"g_15448","8"
"g_15450","8"
"g_15459","6"
"g_15460","8"
"g_15471","2"
"g_15483","6"
"g_15486","2"
"g_15495","6"
"g_15496","6"
"g_15501","8"
"g_15504","2"
"g_15514","6"
"g_15515","8"
"g_15537","3"
"g_15540","8"
"g_15550","8"
"g_15573","3"
"g_15575","8"
"g_15606","6"
"g_15609","8"
"g_15619","8"
"g_15624","8"
"g_15629","8"
"g_15630","2"
"g_15636","2"
"g_15638","6"
"g_15649","8"
"g_15657","8"
"g_15685","6"
"g_15688","2"
"g_15698","2"
"g_15704","2"
"g_15709","3"
"g_15712","8"
"g_15720","8"
"g_15741","6"
"g_15743","8"
"g_15751","8"
"g_15769","3"
"g_15798","3"
"g_15805","8"
"g_15809","6"
"g_15820","8"
"g_15837","8"
"g_15853","6"
"g_15860","3"
"g_15868","2"
"g_15889","2"
"g_15891","8"
"g_15897","6"
"g_15919","8"
"g_15928","8"
"g_15931","8"
"g_15958","8"
"g_15965","8"
"g_15970","2"
"g_15978","2"
"g_16000","3"
"g_16006","2"
"g_16013","2"
"g_16016","2"
"g_16019","2"
"g_16042","8"
"g_16054","8"
"g_16056","8"
"g_16057","8"
"g_16061","2"
"g_16077","1"
"g_16078","8"
"g_16081","6"
"g_16084","6"
"g_16100","8"
"g_16112","8"
"g_16120","6"
"g_16146","8"
"g_16150","8"
"g_16160","3"
"g_16187","8"
"g_16205","8"
"g_16215","8"
"g_16219","8"
"g_16232","6"
"g_16236","8"
"g_16255","3"
"g_16259","2"
"g_16279","2"
"g_16280","8"
"g_16281","8"
"g_16283","2"
"g_16290","2"
"g_16300","8"
"g_16319","8"
"g_16328","8"
"g_16335","8"
"g_16338","8"
"g_16349","6"
"g_16357","8"
"g_16381","8"
"g_16391","6"
"g_16396","5"
"g_16403","8"
"g_16406","7"
"g_16418","2"
"g_16427","6"
"g_16429","6"
"g_16436","2"
"g_16437","8"
"g_16441","8"
"g_16450","8"
"g_16462","6"
"g_16496","2"
"g_16499","8"
"g_16504","2"
"g_16506","8"
"g_16516","2"
"g_16521","1"
"g_16527","8"
"g_16531","2"
"g_16558","8"
"g_16561","8"
"g_16564","3"
"g_16566","6"
"g_16577","8"
"g_16586","2"
"g_16609","6"
"g_16627","8"
"g_16634","2"
"g_16664","2"
"g_16665","8"
"g_16680","8"
"g_16692","2"
"g_16701","8"
"g_16704","8"
"g_16712","8"
"g_16713","6"
"g_16718","8"
"g_16722","8"
"g_16733","2"
"g_16754","2"
"g_16769","2"
"g_16788","8"
"g_16802","8"
"g_16805","8"
"g_16808","8"
"g_16812","8"
"g_16816","3"
"g_16842","2"
"g_16844","8"
"g_16852","6"
"g_16873","8"
"g_16904","8"
"g_16908","8"
"g_16912","8"
"g_16923","8"
"g_16948","6"
"g_16951","8"
"g_16957","6"
"g_16962","8"
"g_16966","6"
"g_16968","8"
"g_16972","6"
"g_16975","2"
"g_16984","2"
"g_16991","9"
"g_17014","9"
"g_17022","4"
"g_17031","3"
"g_17041","2"
"g_17052","2"
"g_17076","3"
"g_17088","8"
"g_17093","2"
"g_17100","2"
"g_17118","6"
"g_17124","3"
"g_17126","6"
"g_17136","1"
"g_17147","6"
"g_17157","2"
"g_17163","2"
"g_17164","6"
"g_17171","3"
"g_17172","3"
"g_17173","6"
"g_17191","4"
"g_17193","1"
"g_17199","8"
"g_17202","2"
"g_17251","7"
"g_17252","2"
"g_17256","6"
"g_17271","2"
"g_17275","1"
"g_17303","8"
"g_17313","8"
"g_17332","8"
"g_17340","8"
"g_17383","2"
"g_17387","8"
"g_17409","8"
"g_17410","9"
"g_17413","8"
"g_17454","2"
"g_17455","8"
"g_17483","8"
"g_17496","8"
"g_17497","7"
"g_17508","2"
"g_17521","2"
"g_17523","6"
"g_17538","6"
"g_17558","10"
"g_17559","8"
"g_17562","8"
"g_17565","6"
"g_17568","8"
"g_17581","8"
"g_17589","8"
"g_17596","3"
"g_17636","6"
"g_17646","8"
"g_17653","6"
"g_17661","6"
"g_17674","8"
"g_17679","7"
"g_17700","6"
"g_17701","2"
"g_17705","6"
"g_17713","4"
"g_17714","9"
"g_17731","8"
"g_17750","6"
"g_17754","8"
"g_17773","8"
"g_17786","8"
"g_17840","8"
"g_17859","8"
"g_17863","6"
"g_17870","3"
"g_17877","8"
"g_17889","9"
"g_17897","8"
"g_17904","8"
"g_17926","2"
"g_17937","8"
"g_17938","8"
"g_17948","2"
"g_17954","1"
"g_17958","3"
"g_17975","10"
"g_18015","3"
"g_18023","9"
"g_18026","9"
"g_18027","8"
"g_18066","1"
"g_18069","8"
"g_18071","8"
"g_18094","6"
"g_18102","8"
"g_18110","2"
"g_18114","6"
"g_18122","2"
"g_18142","8"
"g_18158","2"
"g_18160","8"
"g_18165","8"
"g_18170","6"
"g_18173","2"
"g_18180","6"
"g_18186","8"
"g_18221","7"
"g_18242","2"
"g_18294","4"
"g_18300","8"
"g_18306","2"
"g_18330","6"
"g_18347","8"
"g_18369","6"
"g_18382","6"
"g_18394","2"
"g_18416","8"
"g_18426","6"
"g_18445","2"
"g_18471","2"
"g_18479","8"
"g_18483","2"
"g_18506","6"
"g_18527","2"
"g_18533","6"
"g_18541","2"
"g_18564","8"
"g_18569","4"
"g_18574","2"
"g_18616","8"
"g_18623","3"
"g_18639","8"
"g_18648","8"
"g_18665","2"
"g_18668","8"
"g_18690","8"
"g_18711","2"
"g_18721","2"
"g_18726","8"
"g_18734","6"
"g_18742","2"
"g_18784","8"
"g_18793","2"
"g_18804","2"
"g_18821","8"
"g_18833","2"
"g_18854","6"
"g_18864","2"
"g_18868","8"
"g_18880","1"
"g_18902","8"
"g_18903","2"
"g_18909","6"
"g_18910","5"
"g_18922","2"
"g_18927","1"
"g_18951","2"
"g_18967","6"
"g_18972","3"
"g_18993","3"
"g_19031","6"
"g_19035","8"
"g_19054","6"
"g_19066","9"
"g_19083","10"
"g_19091","8"
"g_19092","2"
"g_19093","8"
"g_19102","6"
"g_19130","8"
"g_19142","6"
"g_19167","6"
"g_19172","2"
"g_19178","6"
"g_19196","1"
"g_19200","7"
"g_19218","3"
"g_19244","7"
"g_19245","2"
"g_19271","1"
"g_19277","6"
"g_19284","8"
"g_19305","8"
"g_19322","6"
"g_19325","8"
"g_19327","3"
"g_19333","5"
"g_19352","2"
"g_19399","8"
"g_19404","6"
"g_19407","8"
"g_19417","6"
"g_19484","3"
"g_19485","6"
"g_19492","2"
"g_19507","3"
"g_19558","6"
"g_19626","8"
"g_19655","8"
"g_19669","2"
"g_19680","8"
"g_19682","6"
"g_19690","2"
"g_19691","8"
"g_19724","3"
"g_19736","1"
"g_19744","2"
"g_19745","6"
"g_19758","8"
"g_19781","1"
"g_19782","4"
"g_19792","8"
"g_19838","6"
"g_19879","2"
"g_19892","7"
"g_19898","6"
"g_19906","3"
"g_19911","2"
"g_19917","2"
"g_19934","1"
"g_19941","2"
"g_19949","4"
"g_19965","2"
"g_19983","5"
"g_19991","8"
"g_20029","6"
"g_20037","8"
"g_20040","6"
"g_20042","8"
"g_20043","8"
"g_20053","2"
"g_20060","1"
"g_20067","6"
"g_20068","3"
"g_20069","6"
"g_20071","6"
"g_20089","8"
"g_20098","9"
"g_20105","4"
"g_20117","8"
"g_20128","8"
"g_20133","8"
"g_20177","6"
"g_20230","3"
"g_20239","8"
"g_20269","3"
"g_20277","6"
"g_20292","2"
"g_20306","8"
"g_20314","8"
"g_20326","8"
"g_20330","6"
"g_20355","1"
"g_20407","6"
"g_20408","6"
"g_20409","8"
"g_20455","4"
"g_20460","7"
"g_20461","3"
"g_20474","8"
"g_20479","4"
"g_20482","8"
"g_20497","8"
"g_20510","6"
"g_20548","2"
"g_20572","9"
"g_20589","8"
"g_20610","7"
"g_20614","7"
"g_20666","8"
"g_20672","6"
"g_20724","8"
"g_20730","1"
"g_20742","6"
"g_20745","6"
"g_20748","2"
"g_20750","8"
"g_20759","6"
"g_20782","2"
"g_20815","4"
"g_20834","8"
"g_20869","6"
"g_20901","2"
"g_20906","2"
"g_20909","6"
"g_20914","2"
"g_20957","6"
"g_20993","8"
"g_21035","8"
"g_21037","6"
"g_21044","8"
"g_21045","1"
"g_21065","8"
"g_21090","6"
"g_21107","10"
"g_21111","2"
"g_21122","1"
"g_21141","2"
"g_21143","6"
"g_21159","6"
"g_21170","6"
"g_21188","1"
"g_21189","8"
"g_21196","8"
"g_21273","6"
"g_21283","8"
"g_21286","2"
"g_21337","8"
"g_21348","6"
"g_21356","8"
"g_21398","6"
"g_21399","2"
"g_21438","6"
"g_21484","8"
"g_21512","2"
"g_21542","8"
"g_21553","8"
"g_21560","8"
"g_21563","4"
"g_21564","4"
"g_21580","6"
"g_21594","6"
"g_21614","4"
"g_21641","8"
"g_21666","4"
"g_21706","8"
"g_21727","8"
"g_21765","2"
"g_21776","8"
"g_21777","2"
"g_21854","2"
"g_21884","6"
"g_21886","8"
"g_21954","8"
"g_21957","4"
"g_21993","8"
"g_22023","9"
"g_22057","2"
"g_22059","8"
"g_22066","4"
"g_22070","2"
"g_22111","8"
"g_22114","9"
"g_22116","1"
"g_22117","6"
"g_22157","6"
"g_22168","8"
"g_22197","8"
"g_22202","3"
"g_22204","8"
"g_22211","9"
"g_22215","8"
"g_22225","2"
"g_22229","2"
"g_22258","8"
"g_22268","2"
"g_22274","10"
"g_22288","1"
"g_22307","1"
"g_22330","8"
"g_22347","6"
"g_22373","2"
"g_22385","2"
"g_22424","6"
"g_22473","8"
"g_22476","2"
"g_22495","8"
"g_22500","2"
"g_22514","4"
"g_22535","8"
"g_22546","8"
"g_22549","8"
"g_22554","6"
"g_22555","2"
"g_22565","2"
"g_22592","4"
"g_22629","8"
"g_22638","8"
"g_22646","8"
"g_22648","8"
"g_22674","8"
"g_22714","6"
"g_22718","10"
"g_22739","2"
"g_22748","8"
"g_22766","2"
"g_22769","6"
"g_22781","4"
"g_22784","2"
"g_22790","8"
"g_22795","2"
"g_22842","6"
"g_22851","8"
"g_22857","8"
"g_22894","8"
"g_22896","8"
"g_22900","8"
"g_22919","2"
"g_22994","8"
"g_22995","6"
"g_23005","2"
"g_23009","6"
"g_23015","8"
"g_23028","3"
"g_23033","5"
"g_23046","6"
"g_23049","7"
"g_23051","8"
"g_23058","2"
"g_23060","2"
"g_23079","6"
"g_23121","6"
"g_23212","6"
"g_23242","7"
"g_23253","6"
"g_23270","2"
"g_23309","7"
"g_23314","8"
"g_23315","6"
"g_23327","2"
"g_23382","3"
"g_23385","8"
"g_23392","1"
"g_23398","1"
"g_23407","2"
"g_23437","8"
"g_23445","8"
"g_23450","8"
"g_23461","2"
"g_23468","2"
"g_23479","8"
"g_23487","8"
"g_23512","2"
"g_23543","2"
"g_23544","2"
"g_23553","8"
"g_23612","8"
"g_23614","6"
"g_23619","8"
"g_23642","6"
"g_23649","8"
"g_23671","6"
"g_23676","4"
"g_23679","6"
"g_23681","2"
"g_23695","2"
"g_23700","8"
"g_23705","6"
"g_23719","2"
"g_23721","8"
"g_23742","8"
"g_23768","6"
"g_23801","2"
"g_23815","8"
"g_23821","2"
"g_23829","8"
"g_23830","2"
"g_23835","4"
"g_23850","7"
"g_23895","3"
"g_23904","2"
"g_23905","6"
"g_23935","6"
"g_23974","8"
"g_23990","8"
"g_23994","6"
"g_23995","6"
"g_23996","8"
"g_24014","8"
"g_24045","8"
"g_24046","6"
"g_24059","7"
"g_24074","8"
"g_24075","8"
"g_24083","6"
"g_24090","8"
"g_24098","2"
"g_24100","2"
"g_24117","8"
"g_24119","8"
"g_24129","2"
"g_24131","8"
"g_24144","8"
"g_24156","8"
"g_24157","6"
"g_24164","6"
"g_24166","8"
"g_24183","3"
"g_24195","8"
"g_24206","8"
"g_24235","2"
"g_24238","3"
"g_24242","6"
"g_24272","2"
"g_24300","9"
"g_24327","5"
"g_24329","2"
"g_24343","3"
"g_24346","8"
"g_24350","8"
"g_24388","8"
"g_24435","2"
"g_24473","8"
"g_24534","6"
"g_24536","5"
"g_24547","2"
"g_24559","5"
"g_24576","6"
"g_24609","6"
"g_24617","8"
"g_24618","8"
"g_24621","6"
"g_24649","8"
"g_24668","8"
"g_24705","2"
"g_24730","2"
"g_24735","8"
"g_24752","2"
"g_24759","6"
"g_24785","2"
"g_24788","6"
"g_24800","8"
"g_24820","8"
"g_24829","8"
"g_24838","6"
"g_24869","8"
"g_24879","2"
"g_24895","6"
"g_24897","8"
"g_24902","2"
"g_24904","6"
"g_24906","8"
"g_24912","2"
"g_24927","2"
"g_24938","8"
"g_24940","6"
"g_24950","4"
"g_24953","1"
"g_24980","8"
"g_24993","2"
"g_25010","3"
"g_25018","6"
"g_25032","6"
"g_25041","6"
"g_25043","2"
"g_25044","2"
"g_25066","5"
"g_25067","8"
"g_25086","8"
"g_25100","2"
"g_25108","2"
"g_25139","2"
"g_25145","8"
"g_25190","8"
"g_25200","8"
"g_25224","2"
"g_25227","8"
"g_25229","1"
"g_25268","3"
"g_25297","3"
"g_25321","8"
"g_25331","2"
"g_25342","8"
"g_25346","3"
"g_25385","5"
"g_25386","2"
"g_25395","8"
"g_25398","4"
"g_25399","2"
"g_25403","5"
"g_25408","2"
"g_25409","8"
"g_25449","8"
"g_25451","8"
"g_25455","2"
"g_25456","2"
"g_25506","2"
"g_25512","2"
"g_25529","2"
"g_25531","8"
"g_25535","8"
"g_25545","3"
"g_25577","8"
"g_25608","8"
"g_25621","8"
"g_25635","6"
"g_25645","2"
"g_25658","2"
"g_25677","6"
"g_25688","8"
"g_25694","8"
"g_25719","5"
"g_25724","6"
"g_25732","8"
"g_25746","8"
"g_25763","8"
"g_25789","3"
"g_25794","6"
"g_25803","2"
"g_25804","7"
"g_25819","6"
"g_25828","8"
"g_25835","8"
"g_25837","2"
"g_25855","2"
"g_25859","3"
"g_25863","6"
"g_25865","2"
"g_25871","6"
"g_25894","2"
"g_25914","2"
"g_25924","6"
"g_25934","2"
"g_25935","2"
"g_25954","2"
"g_25958","8"
"g_25965","2"
"g_25986","8"
"g_26034","6"
"g_26036","2"
"g_26045","2"
"g_26049","8"
"g_26059","3"
"g_26069","4"
"g_26070","6"
"g_26090","8"
"g_26106","1"
"g_26112","8"
"g_26114","6"
"g_26133","8"
"g_26134","2"
"g_26154","8"
"g_26162","6"
"g_26176","2"
"g_26182","8"
"g_26196","2"
"g_26207","10"
"g_26209","2"
"g_26217","6"
"g_26225","8"
"g_26226","6"
"g_26235","1"
"g_26247","3"
"g_26269","2"
"g_26286","8"
"g_26287","8"
"g_26304","8"
"g_26306","8"
"g_26322","2"
"g_26328","8"
"g_26331","8"
"g_26352","8"
"g_26363","2"
"g_26386","6"
"g_26407","1"
"g_26413","6"
"g_26420","2"
"g_26429","3"
"g_26438","8"
"g_26467","8"
"g_26478","8"
"g_26479","9"
"g_26490","1"
"g_26554","3"
"g_26557","6"
"g_26572","6"
"g_26573","6"
"g_26577","8"
"g_26588","8"
"g_26594","2"
"g_26609","3"
"g_26643","8"
"g_26651","3"
"g_26652","6"
"g_26653","8"
"g_26656","2"
"g_26668","10"
"g_26676","2"
"g_26695","4"
"g_26706","2"
"g_26728","2"
"g_26733","6"
"g_26735","6"
"g_26736","6"
"g_26750","8"
"g_26751","8"
"g_26762","6"
"g_26763","7"
"g_26774","6"
"g_26790","6"
"g_26791","2"
"g_26796","4"
"g_26801","8"
"g_26823","8"
"g_26825","8"
"g_26836","9"
"g_26842","2"
"g_26864","6"
"g_26893","6"
"g_26903","8"
"g_26911","3"
"g_26920","6"
"g_26926","8"
"g_26928","6"
"g_26930","2"
"g_26936","6"
"g_26948","1"
"g_26956","8"
"g_26974","6"
"g_26981","1"
"g_26982","1"
"g_26983","6"
"g_26985","8"
"g_26986","8"
"g_26989","8"
"g_26995","3"
"g_27003","2"
"g_27006","2"
"g_27010","2"
"g_27014","8"
"g_27060","2"
"g_27061","2"
"g_27066","8"
"g_27071","6"
"g_27092","8"
"g_27139","2"
"g_27160","3"
"g_27168","4"
"g_27174","2"
"g_27177","6"
"g_27178","8"
"g_27184","4"
"g_27193","2"
"g_27210","8"
"g_27216","6"
"g_27233","2"
"g_27247","8"
"g_27261","6"
"g_27268","6"
"g_27270","8"
"g_27285","1"
"g_27289","3"
"g_27298","2"
"g_27306","4"
"g_27308","2"
"g_27326","8"
"g_27370","8"
"g_27378","8"
"g_27383","6"
"g_27385","1"
"g_27400","1"
"g_27415","8"
"g_27421","6"
"g_27430","2"
"g_27434","8"
"g_27456","3"
"g_27459","2"
"g_27462","2"
"g_27467","8"
"g_27480","6"
"g_27481","2"
"g_27487","8"
"g_27499","2"
"g_27504","8"
"g_27509","8"
"g_27514","2"
"g_27520","6"
"g_27521","8"
"g_27527","6"
"g_27530","6"
"g_27572","6"
"g_27583","8"
"g_27591","8"
"g_27593","4"
"g_27611","6"
"g_27616","10"
"g_27621","2"
"g_27649","6"
"g_27655","4"
"g_27665","2"
"g_27683","8"
"g_27691","6"
"g_27698","8"
"g_27740","6"
"g_27763","2"
"g_27780","10"
"g_27792","8"
"g_27801","2"
"g_27830","8"
"g_27833","2"
"g_27851","6"
"g_27853","6"
"g_27865","3"
"g_27871","2"
"g_27888","7"
"g_27890","8"
"g_27893","6"
"g_27975","8"
"g_27980","2"
"g_28009","8"
"g_28010","2"
"g_28042","8"
"g_28067","3"
"g_28076","6"
"g_28077","6"
"g_28126","6"
"g_28132","8"
"g_28134","8"
"g_28182","8"
"g_28191","6"
"g_28244","4"
"g_28252","8"
"g_28290","7"
"g_28292","6"
"g_28298","8"
"g_28303","8"
"g_28309","4"
"g_28314","6"
"g_28364","8"
"g_28371","2"
"g_28401","4"
"g_28409","6"
"g_28418","2"
"g_28444","2"
"g_28485","3"
"g_28503","2"
"g_28522","8"
"g_28523","2"
"g_28526","8"
"g_28542","8"
"g_28543","2"
"g_28554","8"
"g_28558","3"
"g_28571","2"
"g_28583","8"
"g_28591","6"
"g_28609","8"
"g_28620","8"
"g_28634","6"
"g_28656","6"
"g_28657","3"
"g_28666","2"
"g_28723","2"
"g_28760","8"
"g_28761","8"
"g_28763","6"
"g_28764","8"
"g_28769","8"
"g_28845","2"
"g_28862","8"
"g_28887","2"
"g_28893","8"
"g_28909","6"
"g_28913","3"
"g_28935","8"
"g_28982","8"
"g_29009","8"
"g_29016","6"
"g_29022","6"
"g_29028","2"
"g_29031","6"
"g_29050","6"
"g_29052","2"
"g_29066","8"
"g_29074","2"
"g_29077","8"
"g_29085","6"
"g_29184","8"
"g_29211","8"
"g_29215","8"
"g_29220","3"
"g_29261","8"
"g_29279","8"
"g_29280","8"
"g_29281","2"
"g_29294","8"
"g_29301","8"
"g_29314","2"
"g_29318","6"
"g_29319","6"
"g_29321","8"
"g_29329","3"
"g_29339","2"
"g_29372","2"
"g_29373","6"
"g_29380","8"
"g_29418","6"
"g_29420","2"
"g_29439","8"
"g_29444","8"
"g_29474","2"
"g_29488","8"
"g_29494","8"
"g_29522","8"
"g_29527","5"
"g_29554","6"
"g_29562","6"
"g_29563","8"
"g_29574","8"
"g_29576","8"
"g_29578","6"
"g_29587","2"
"g_29610","8"
"g_29625","4"
"g_29626","2"
"g_29646","4"
"g_29672","6"
"g_29673","2"
"g_29676","8"
"g_29693","6"
"g_29694","8"
"g_29714","6"
"g_29726","8"
"g_29729","2"
"g_29732","8"
"g_29736","6"
"g_29738","6"
"g_29754","6"
"g_29772","8"
"g_29789","8"
"g_29790","1"
"g_29796","4"
"g_29837","3"
"g_29840","6"
"g_29844","6"
"g_29869","8"
"g_29870","8"
"g_29897","2"
"g_29926","6"
"g_29962","2"
"g_29964","8"
"g_29987","1"
"g_30000","8"
"g_30096","2"
"g_30127","2"
"g_30130","8"
"g_30143","1"
"g_30194","8"
"g_30204","2"
"g_30217","7"
"g_30256","9"
"g_30282","8"
"g_30284","8"
"g_30288","4"
"g_30302","10"
"g_30319","2"
"g_30325","8"
"g_30333","8"
"g_30336","8"
"g_30361","4"
"g_30382","6"
"g_30400","2"
"g_30404","8"
"g_30411","8"
"g_30425","8"
"g_30438","8"
"g_30450","5"
"g_30456","6"
"g_30471","8"
"g_30475","8"
"g_30481","6"
"g_30527","6"
"g_30534","8"
"g_30537","6"
"g_30581","6"
"g_30598","6"
"g_30630","5"
"g_30641","8"
"g_30661","6"
"g_30670","4"
"g_30675","2"
"g_30686","8"
"g_30691","8"
"g_30693","8"
"g_30711","4"
"g_30712","2"
"g_30729","1"
"g_30741","2"
"g_30745","8"
"g_30749","2"
"g_30762","6"
"g_30767","6"
"g_30768","6"
"g_30798","4"
"g_30808","6"
"g_30892","8"
"g_30906","8"
"g_30919","8"
"g_30928","3"
"g_30939","6"
"g_30950","10"
"g_30954","8"
"g_30981","6"
"g_30996","2"
"g_31032","8"
"g_31050","7"
"g_31061","2"
"g_31067","8"
"g_31073","2"
"g_31084","6"
"g_31102","1"
"g_31146","4"
"g_31147","8"
"g_31168","8"
"g_31191","4"
"g_31201","2"
"g_31222","6"
"g_31227","8"
"g_31240","8"
"g_31244","6"
"g_31245","10"
"g_31272","6"
"g_31298","1"
"g_31326","2"
"g_31329","2"
"g_31371","2"
"g_31402","3"
"g_31427","2"
"g_31431","6"
"g_31432","8"
"g_31437","8"
"g_31452","6"
"g_31453","10"
"g_31456","2"
"g_31466","2"
"g_31469","10"
"g_31489","3"
"g_31492","1"
"g_31510","7"
"g_31529","8"
"g_31550","6"
"g_31562","8"
"g_31605","2"
"g_31607","2"
"g_31608","8"
"g_31647","8"
"g_31659","5"
"g_31662","8"
"g_31663","8"
"g_31676","1"
"g_31680","8"
"g_31689","8"
"g_31690","2"
"g_31699","8"
"g_31702","3"
"g_31709","2"
"g_31710","8"
"g_31762","6"
"g_31770","8"
"g_31774","8"
"g_31796","2"
"g_31804","8"
"g_31807","2"
"g_31823","4"
"g_31844","6"
"g_31859","2"
"g_31880","8"
"g_31917","6"
"g_31918","6"
"g_31919","6"
"g_31948","8"
"g_31965","2"
"g_32060","2"
"g_32069","8"
"g_32070","6"
"g_32078","2"
"g_32095","10"
"g_32101","7"
"g_32105","8"
"g_32121","8"
"g_32131","6"
"g_32146","3"
"g_32150","6"
"g_32157","4"
"g_32168","2"
"g_32175","6"
"g_32200","8"
"g_32205","2"
"g_32210","8"
"g_32218","4"
"g_32223","6"
"g_32243","6"
"g_32254","8"
"g_32265","6"
"g_32278","4"
"g_32290","2"
"g_32294","2"
"g_32298","3"
"g_32324","8"
"g_32327","2"
"g_32341","6"
"g_32349","1"
"g_32350","6"
"g_32357","8"
"g_32364","6"
"g_32368","5"
"g_32381","2"
"g_32398","8"
"g_32400","8"
"g_32407","6"
"g_32408","6"
"g_32411","2"
"g_32413","7"
"g_32420","3"
"g_32435","6"
"g_32453","8"
"g_32457","2"
"g_32486","6"
"g_32490","8"
"g_32496","8"
"g_32498","2"
"g_32510","6"
"g_32519","8"
"g_32529","8"
"g_32535","8"
"g_32536","8"
"g_32540","2"
"g_32542","7"
"g_32591","8"
"g_32596","8"
"g_32604","2"
"g_32605","4"
"g_32606","2"
"g_32613","2"
"g_32626","6"
"g_32637","6"
"g_32647","8"
"g_32667","6"
"g_32703","8"
"g_32708","7"
"g_32734","6"
"g_32744","6"
"g_32755","8"
"g_32759","2"
"g_32766","8"
"g_32770","2"
"g_32790","6"
"g_32793","8"
"g_32806","8"
"g_32812","6"
"g_32830","1"
"g_32846","4"
"g_32847","6"
"g_32855","6"
"g_32860","6"
"g_32879","10"
"g_32911","8"
"g_32912","2"
"g_32929","6"
"g_32952","8"
"g_32962","8"
"g_32984","6"
"g_32996","8"
"g_33001","8"
"g_33006","8"
"g_33028","8"
"g_33036","8"
"g_33040","7"
"g_33048","3"
"g_33051","8"
"g_33056","2"
"g_33082","6"
"g_33084","6"
"g_33131","8"
"g_33170","2"
"g_33193","8"
"g_33199","6"
"g_33204","6"
"g_33226","2"
"g_33229","5"
"g_33234","2"
"g_33249","6"
"g_33261","6"
"g_33262","2"
"g_33263","8"
"g_33265","2"
"g_33279","6"
"g_33307","8"
"g_33317","2"
"g_33330","8"
"g_33341","8"
"g_33344","2"
"g_33364","3"
"g_33389","2"
"g_33406","6"
"g_33409","7"
"g_33423","3"
"g_33434","8"
"g_33453","6"
"g_33484","8"
"g_33487","8"
"g_33488","8"
"g_33489","8"
"g_33502","8"
"g_33516","3"
"g_33518","2"
"g_33541","8"
"g_33573","1"
"g_33583","3"
"g_33585","6"
"g_33597","3"
"g_33609","6"
"g_33610","2"
"g_33611","6"
"g_33616","1"
"g_33631","8"
"g_33642","6"
"g_33644","2"
"g_33647","2"
"g_33650","3"
"g_33660","1"
"g_33666","3"
"g_33698","6"
"g_33699","8"
"g_33702","3"
"g_33705","3"
"g_33708","8"
"g_33709","8"
"g_33724","8"
"g_33725","8"
"g_33729","8"
"g_33752","2"
"g_33758","2"
"g_33766","2"
"g_33780","7"
"g_33791","8"
"g_33794","8"
"g_33798","6"
"g_33816","7"
"g_33825","8"
"g_33828","3"
"g_33862","6"
"g_33869","6"
"g_33875","8"
"g_33877","2"
"g_33905","2"
"g_33912","8"
"g_33933","2"
"g_33934","8"
"g_33947","8"
"g_33951","2"
"g_33959","8"
"g_33994","6"
"g_34009","6"
"g_34014","1"
"g_34019","6"
"g_34028","8"
"g_34056","6"
"g_34064","2"
"g_34068","8"
"g_34073","3"
"g_34103","2"
"g_34112","2"
"g_34124","6"
"g_34130","6"
"g_34141","6"
"g_34142","8"
"g_34163","8"
"g_34166","2"
"g_34176","5"
"g_34180","8"
"g_34183","1"
"g_34193","6"
"g_34194","8"
"g_34198","8"
"g_34215","8"
"g_34218","10"
"g_34237","2"
"g_34258","3"
"g_34260","6"
"g_34269","6"
"g_34274","2"
"g_34287","6"
"g_34314","2"
"g_34327","2"
"g_34378","3"
"g_34384","4"
"g_34385","6"
"g_34403","6"
"g_34408","8"
"g_34426","3"
"g_34446","6"
"g_34464","7"
"g_34465","3"
"g_34473","6"
"g_34480","8"
"g_34502","2"
"g_34508","5"
"g_34511","8"
"g_34513","6"
"g_34515","2"
"g_34526","6"
"g_34535","6"
"g_34539","2"
"g_34553","2"
"g_34560","2"
"g_34566","6"
"g_34567","2"
"g_34571","8"
"g_34572","8"
"g_34600","2"
"g_34612","7"
"g_34614","2"
"g_34625","2"
"g_34627","8"
"g_34628","3"
"g_34647","8"
"g_34652","8"
"g_34662","6"
"g_34664","2"
"g_34674","8"
"g_34684","2"
"g_34707","9"
"g_34740","6"
"g_34741","2"
"g_34766","8"
"g_34767","3"
"g_34768","6"
"g_34775","4"
"g_34777","3"
"g_34789","6"
"g_34806","8"
"g_34809","8"
"g_34835","8"
"g_34849","6"
"g_34857","6"
"g_34867","8"
"g_34881","8"
"g_34882","1"
"g_34887","3"
"g_34893","8"
"g_34912","6"
"g_34914","3"
"g_34915","6"
"g_34917","2"
"g_34925","8"
"g_34926","8"
"g_34945","6"
"g_34946","8"
"g_34950","8"
"g_34967","3"
"g_34977","8"
"g_35024","8"
"g_35029","8"
"g_35043","6"
"g_35048","6"
"g_35074","8"
"g_35077","2"
"g_35082","8"
"g_35085","1"
"g_35091","8"
"g_35093","8"
"g_35103","6"
"g_35119","8"
"g_35138","8"
"g_35140","3"
"g_35149","10"
"g_35167","8"
"g_35176","6"
"g_35198","2"
"g_35209","2"
"g_35231","8"
"g_35237","8"
"g_35255","8"
"g_35258","8"
"g_35276","2"
"g_35297","8"
"g_35307","8"
"g_35321","4"
"g_35339","8"
"g_35344","8"
"g_35376","6"
"g_35386","2"
"g_35403","2"
"g_35405","8"
"g_35429","8"
"g_35433","6"
"g_35435","8"
"g_35448","2"
"g_35456","1"
"g_35473","6"
"g_35474","8"
"g_35496","2"
"g_35497","3"
"g_35506","8"
"g_35534","8"
"g_35537","8"
"g_35538","8"
"g_35548","2"
"g_35561","8"
"g_35572","6"
"g_35584","8"
"g_35595","8"
"g_35614","8"
"g_35621","2"
"g_35625","5"
"g_35639","8"
"g_35690","2"
"g_35692","8"
"g_35700","8"
"g_35707","2"
"g_35710","8"
"g_35714","2"
"g_35738","3"
"g_35767","8"
"g_35792","6"
"g_35796","2"
"g_35807","6"
"g_35852","8"
"g_35856","2"
"g_35870","8"
"g_35873","8"
"g_35878","8"
"g_35882","6"
"g_35896","1"
"g_35901","8"
"g_35902","8"
"g_35909","6"
"g_35939","8"
"g_35943","8"
"g_35959","2"
"g_35973","8"
"g_35987","10"
"g_36009","7"
"g_36018","1"
"g_36038","2"
"g_36050","7"
"g_36134","1"
"g_36177","1"
"g_36228","7"
"g_36257","7"
"g_36275","7"
"g_36328","10"
"g_36331","4"
"g_36339","7"
"g_36344","10"
"g_36351","10"
"g_36414","10"
"g_36463","7"
"g_36480","10"
"g_36486","4"
"g_36503","3"
"g_36506","4"
"g_36564","7"
"g_36602","1"
"g_36635","10"
"g_36639","10"
"g_36658","3"
"g_36660","4"
"g_36727","1"
"g_36753","10"
"g_36787","7"
"g_36818","2"
"g_36834","1"
"g_36856","5"
"g_36859","10"
"g_36877","7"
"g_36888","7"
"g_36927","7"
"g_36949","5"
"g_36978","1"
"g_37001","10"
"g_37005","7"
"g_37061","1"
"g_37067","7"
"g_37177","1"
"g_37212","1"
"g_37233","7"
"g_37285","10"
"g_37287","1"
"g_37326","1"
"g_37327","5"
"g_37335","1"
"g_37345","5"
"g_37360","1"
"g_37396","1"
"g_37424","7"
"g_37425","1"
"g_37437","9"
"g_37448","10"
"g_37455","7"
"g_37512","2"
"g_37568","9"
"g_37572","1"
"g_37591","7"
"g_37627","10"
"g_37632","1"
"g_37657","5"
"g_37668","10"
"g_37682","10"
"g_37703","1"
"g_37732","10"
"g_37750","7"
"g_37774","1"
"g_37783","7"
"g_37809","7"
"g_37830","10"
"g_37840","10"
"g_37849","1"
"g_37854","7"
"g_37856","10"
"g_37858","5"
"g_37916","10"
"g_37917","1"
"g_37966","10"
"g_37967","7"
"g_37978","9"
"g_37989","10"
"g_38014","1"
"g_38015","7"
"g_38020","7"
"g_38061","5"
"g_38102","7"
"g_38104","10"
"g_38122","9"
"g_38132","1"
"g_38133","10"
"g_38156","10"
"g_38165","2"
"g_38179","10"
"g_38198","3"
"g_38216","9"
"g_38253","4"
"g_38255","2"
"g_38263","2"
"g_38269","7"
"g_38292","9"
"g_38325","10"
"g_38354","1"
"g_38359","10"
"g_38378","1"
"g_38393","1"
"g_38401","1"
"g_38420","10"
"g_38443","2"
"g_38489","10"
"g_38544","10"
"g_38546","10"
"g_38549","5"
"g_38557","7"
"g_38588","7"
"g_38597","3"
"g_38609","10"
"g_38646","7"
"g_38647","7"
"g_38648","2"
"g_38659","9"
"g_38741","1"
"g_38760","7"
"g_38777","4"
"g_38790","9"
"g_38794","7"
"g_38835","10"
"g_38865","10"
"g_38880","5"
"g_38900","1"
"g_38912","1"
"g_38964","5"
"g_39030","4"
"g_39044","10"
"g_39098","5"
"g_39134","7"
"g_39138","10"
"g_39146","10"
"g_39148","1"
"g_39162","1"
"g_39193","10"
"g_39213","7"
"g_39249","1"
"g_39324","1"
"g_39344","1"
"g_39401","7"
"g_39413","1"
"g_39463","2"
"g_39466","2"
"g_39477","7"
"g_39487","7"
"g_39510","5"
"g_39516","1"
"g_39528","10"
"g_39550","7"
"g_39552","2"
"g_39567","7"
"g_39586","5"
"g_39590","7"
"g_39630","1"
"g_39638","1"
"g_39721","10"
"g_39735","1"
"g_39737","2"
"g_39743","1"
"g_39884","10"
"g_39956","4"
"g_39975","4"
"g_39982","2"
"g_40058","2"
"g_40086","5"
"g_40128","3"
"g_40160","3"
"g_40162","1"
"g_40188","2"
"g_40215","10"
"g_40241","1"
"g_40276","5"
"g_40292","2"
"g_40325","1"
"g_40342","1"
"g_40359","1"
"g_40400","10"
"g_40420","1"
"g_40428","1"
"g_40429","5"
"g_40450","1"
"g_40464","1"
"g_40513","1"
"g_40554","1"
"g_40587","5"
"g_40613","1"
"g_40621","1"
"g_40627","5"
"g_40677","1"
"g_40702","1"
"g_40719","1"
"g_40731","1"
"g_40735","10"
"g_40745","2"
"g_40758","1"
"g_40766","1"
"g_40835","10"
"g_40850","7"
"g_40863","10"
"g_40877","1"
"g_40956","7"
"g_40968","7"
"g_40972","1"
"g_41012","2"
"g_41019","7"
"g_41094","1"
"g_41110","7"
"g_41114","1"
"g_41186","7"
"g_41205","1"
"g_41282","5"
"g_41286","1"
"g_41324","2"
"g_41330","7"
"g_41345","1"
"g_41353","7"
"g_41415","10"
"g_41422","7"
"g_41472","7"
"g_41479","7"
"g_41510","1"
"g_41521","1"
"g_41531","2"
"g_41543","9"
"g_41578","10"
"g_41591","2"
"g_41596","1"
"g_41600","10"
"g_41689","10"
"g_41740","1"
"g_41760","10"
"g_41862","1"
"g_41887","10"
"g_41888","2"
"g_41895","2"
"g_41907","10"
"g_41921","10"
"g_41934","10"
"g_41950","10"
"g_41958","10"
"g_41973","10"
"g_41988","1"
"g_41989","2"
"g_42015","4"
"g_42028","1"
"g_42031","10"
"g_42084","5"
"g_42110","10"
"g_42132","1"
"g_42147","1"
"g_42160","2"
"g_42229","9"
"g_42278","1"
"g_42286","10"
"g_42300","7"
"g_42326","2"
"g_42359","7"
"g_42374","7"
"g_42416","7"
"g_42496","7"
"g_42509","7"
"g_42535","7"
"g_42568","7"
"g_42594","10"
"g_42603","10"
"g_42605","7"
"g_42665","7"
"g_42716","7"
"g_42730","2"
"g_42760","2"
"g_42776","2"
"g_42777","4"
"g_42784","7"
"g_42820","7"
"g_42880","2"
"g_42882","4"
"g_42897","7"
"g_42974","7"
"g_42989","2"
"g_43015","10"
"g_43045","7"
"g_43055","2"
"g_43069","2"
"g_43079","7"
"g_43083","7"
"g_43106","7"
"g_43109","10"
"g_43115","2"
"g_43133","7"
"g_43134","7"
"g_43147","10"
"g_43202","7"
"g_43203","7"
"g_43212","2"
"g_43236","2"
"g_43244","10"
"g_43282","3"
"g_43286","10"
"g_43287","10"
"g_43296","5"
"g_43308","9"
"g_43329","7"
"g_43337","7"
"g_43354","7"
"g_43372","2"
"g_43398","7"
"g_43435","1"
"g_43460","1"
"g_43476","10"
"g_43504","2"
"g_43606","7"
"g_43618","10"
"g_43620","1"
"g_43646","7"
"g_43668","1"
"g_43673","2"
"g_43682","7"
"g_43723","1"
"g_43757","10"
"g_43758","1"
"g_43801","9"
"g_43864","7"
"g_43911","7"
"g_43939","1"
"g_43978","1"
"g_43989","2"
"g_44089","1"
"g_44140","7"
"g_44153","7"
"g_44177","7"
"g_44192","1"
"g_44221","7"
"g_44224","10"
"g_44255","10"
"g_44268","1"
"g_44293","10"
"g_44300","7"
"g_44301","7"
"g_44331","7"
"g_44438","7"
"g_44444","10"
"g_44448","10"
"g_44512","10"
"g_44516","10"
"g_44522","7"
"g_44576","7"
"g_44583","2"
"g_44593","7"
"g_44604","10"
"g_44611","7"
"g_44613","1"
"g_44628","7"
"g_44629","1"
"g_44706","7"
"g_44716","7"
"g_44722","7"
"g_44751","10"
"g_44776","1"
"g_44792","2"
"g_44796","1"
"g_44824","7"
"g_44836","7"
"g_44848","2"
"g_44849","2"
"g_44898","3"
"g_44903","2"
"g_44935","7"
"g_44987","1"
"g_45006","2"
"g_45014","10"
"g_45018","1"
"g_45037","7"
"g_45064","1"
"g_45067","7"
"g_45078","1"
"g_45085","2"
"g_45099","2"
"g_45105","2"
"g_45141","7"
"g_45154","1"
"g_45168","2"
"g_45177","1"
"g_45197","7"
"g_45201","2"
"g_45225","7"
"g_45231","2"
"g_45324","10"
"g_45369","7"
"g_45386","7"
"g_45398","10"
"g_45400","1"
"g_45430","7"
"g_45436","10"
"g_45437","7"
"g_45473","10"
"g_45476","1"
"g_45482","4"
"g_45506","7"
"g_45585","1"
"g_45660","7"
"g_45686","7"
"g_45693","7"
"g_45699","1"
"g_45713","7"
"g_45786","10"
"g_45799","7"
"g_45827","10"
"g_45843","6"
"g_45851","7"
"g_45860","3"
"g_45861","7"
"g_45874","10"
"g_45888","3"
"g_45891","6"
"g_45895","6"
"g_45910","4"
"g_45913","3"
"g_45930","8"
"g_45955","3"
"g_45966","8"
"g_45969","7"
"g_45977","8"
"g_46055","8"
"g_46063","8"
"g_46089","8"
"g_46126","3"
"g_46127","3"
"g_46128","7"
"g_46227","7"
"g_46243","6"
"g_46294","6"
"g_46305","1"
"g_46316","6"
"g_46327","3"
"g_46343","8"
"g_46354","8"
"g_46374","5"
"g_46378","10"
"g_46387","8"
"g_46396","6"
"g_46422","4"
"g_46453","3"
"g_46456","6"
"g_46481","7"
"g_46486","8"
"g_46494","7"
"g_46505","8"
"g_46510","7"
"g_46525","1"
"g_46534","6"
"g_46555","4"
"g_46556","1"
"g_46580","6"
"g_46595","10"
"g_46635","3"
"g_46646","8"
"g_46655","7"
"g_46660","7"
"g_46666","4"
"g_46672","6"
"g_46713","8"
"g_46716","6"
"g_46721","7"
"g_46722","8"
"g_46724","6"
"g_46728","7"
"g_46759","6"
"g_46777","6"
"g_46780","7"
"g_46792","8"
"g_46812","1"
"g_46824","7"
"g_46831","8"
"g_46846","7"
"g_46847","6"
"g_46864","6"
"g_46870","7"
"g_46875","6"
"g_46903","8"
"g_46904","8"
"g_46911","8"
"g_46913","7"
"g_46921","5"
"g_46942","3"
"g_46971","7"
"g_46990","7"
"g_46995","10"
"g_46999","6"
"g_47008","9"
"g_47013","6"
"g_47024","7"
"g_47074","6"
"g_47092","8"
"g_47096","7"
"g_47134","7"
"g_47158","7"
"g_47211","6"
"g_47230","8"
"g_47250","10"
"g_47256","6"
"g_47268","9"
"g_47269","7"
"g_47274","7"
"g_47291","7"
"g_47300","1"
"g_47315","7"
"g_47318","6"
"g_47320","8"
"g_47324","3"
"g_47340","7"
"g_47363","4"
"g_47387","6"
"g_47392","3"
"g_47393","7"
"g_47402","7"
"g_47404","7"
"g_47410","7"
"g_47415","8"
"g_47423","6"
"g_47439","3"
"g_47454","6"
"g_47485","6"
"g_47487","3"
"g_47489","8"
"g_47493","7"
"g_47511","7"
"g_47513","8"
"g_47548","7"
"g_47549","8"
"g_47567","6"
"g_47608","8"
"g_47616","8"
"g_47625","10"
"g_47675","7"
"g_47682","6"
"g_47692","7"
"g_47700","10"
"g_47717","7"
"g_47718","7"
"g_47741","1"
"g_47743","7"
"g_47750","10"
"g_47765","7"
"g_47766","7"
"g_47778","7"
"g_47784","3"
"g_47788","8"
"g_47790","8"
"g_47793","7"
"g_47798","10"
"g_47814","6"
"g_47844","6"
"g_47850","7"
"g_47862","7"
"g_47863","7"
"g_47865","3"
"g_47868","8"
"g_47878","1"
"g_47881","7"
"g_47884","7"
"g_47902","7"
"g_47905","8"
"g_47912","7"
"g_47927","7"
"g_47936","8"
"g_47940","7"
"g_47942","8"
"g_47948","8"
"g_47951","7"
"g_47956","10"
"g_47961","7"
"g_47974","7"
"g_48001","7"
"g_48003","7"
"g_48012","7"
"g_48036","3"
"g_48043","10"
"g_48057","7"
"g_48058","6"
"g_48059","3"
"g_48061","1"
"g_48066","7"
"g_48072","6"
"g_48084","7"
"g_48085","10"
"g_48107","7"
"g_48123","7"
"g_48125","7"
"g_48128","10"
"g_48129","7"
"g_48134","8"
"g_48136","8"
"g_48138","3"
"g_48139","3"
"g_48146","3"
"g_48159","7"
"g_48162","3"
"g_48163","3"
"g_48166","8"
"g_48184","10"
"g_48196","7"
"g_48202","3"
"g_48211","10"
"g_48216","6"
"g_48220","7"
"g_48228","2"
"g_48232","6"
"g_48237","7"
"g_48239","7"
"g_48243","6"
"g_48245","3"
"g_48246","10"
"g_48257","1"
"g_48266","3"
"g_48270","7"
"g_48274","10"
"g_48275","7"
"g_48285","10"
"g_48290","7"
"g_48302","6"
"g_48330","10"
"g_48331","4"
"g_48343","3"
"g_48347","8"
"g_48359","3"
"g_48375","6"
"g_48377","7"
"g_48387","7"
"g_48391","8"
"g_48405","8"
"g_48424","7"
"g_48433","7"
"g_48445","7"
"g_48453","4"
"g_48460","3"
"g_48464","3"
"g_48497","7"
"g_48499","7"
"g_48504","8"
"g_48509","7"
"g_48516","7"
"g_48523","6"
"g_48530","6"
"g_48532","7"
"g_48536","8"
"g_48538","7"
"g_48549","7"
"g_48552","7"
"g_48562","7"
"g_48626","7"
"g_48627","7"
"g_48637","6"
"g_48642","8"
"g_48650","7"
"g_48662","7"
"g_48663","6"
"g_48668","7"
"g_48676","7"
"g_48682","10"
"g_48685","8"
"g_48696","7"
"g_48697","7"
"g_48714","6"
"g_48717","6"
"g_48732","1"
"g_48742","8"
"g_48748","6"
"g_48750","8"
"g_48778","7"
"g_48787","7"
"g_48796","6"
"g_48810","7"
"g_48816","8"
"g_48817","1"
"g_48821","7"
"g_48828","8"
"g_48836","6"
"g_48855","7"
"g_48866","1"
"g_48870","7"
"g_48881","8"
"g_48894","6"
"g_48896","6"
"g_48913","8"
"g_48916","6"
"g_48920","8"
"g_48924","6"
"g_48930","8"
"g_48931","7"
"g_48933","8"
"g_48944","7"
"g_48958","3"
"g_48962","8"
"g_49021","6"
"g_49027","8"
"g_49045","6"
"g_49046","3"
"g_49064","6"
"g_49081","3"
"g_49084","8"
"g_49086","3"
"g_49089","6"
"g_49090","3"
"g_49100","6"
"g_49121","1"
"g_49124","7"
"g_49125","7"
"g_49127","7"
"g_49130","7"
"g_49141","6"
"g_49143","7"
"g_49159","8"
"g_49160","8"
"g_49170","7"
"g_49175","7"
"g_49178","10"
"g_49220","3"
"g_49222","8"
"g_49224","7"
"g_49226","7"
"g_49228","7"
"g_49233","8"
"g_49235","7"
"g_49239","3"
"g_49262","8"
"g_49286","7"
"g_49311","7"
"g_49325","6"
"g_49334","8"
"g_49337","3"
"g_49342","8"
"g_49347","8"
"g_49348","7"
"g_49351","7"
"g_49359","10"
"g_49368","3"
"g_49379","8"
"g_49383","3"
"g_49401","6"
"g_49422","7"
"g_49433","6"
"g_49435","9"
"g_49438","10"
"g_49441","6"
"g_49446","4"
"g_49459","7"
"g_49476","6"
"g_49481","6"
"g_49485","8"
"g_49487","6"
"g_49491","6"
"g_49492","6"
"g_49506","4"
"g_49507","10"
"g_49509","7"
"g_49510","8"
"g_49525","7"
"g_49544","7"
"g_49548","8"
"g_49550","6"
"g_49567","10"
"g_49585","7"
"g_49595","8"
"g_49615","4"
"g_49627","6"
"g_49634","7"
"g_49635","7"
"g_49643","3"
"g_49646","6"
"g_49647","5"
"g_49680","4"
"g_49684","8"
"g_49695","6"
"g_49704","6"
"g_49709","4"
"g_49710","7"
"g_49713","7"
"g_49725","7"
"g_49726","3"
"g_49736","6"
"g_49741","10"
"g_49742","4"
"g_49774","3"
"g_49791","6"
"g_49795","6"
"g_49798","6"
"g_49802","6"
"g_49811","7"
"g_49815","7"
"g_49821","7"
"g_49827","10"
"g_49829","6"
"g_49834","10"
"g_49842","4"
"g_49863","3"
"g_49864","6"
"g_49874","10"
"g_49878","8"
"g_49880","8"
"g_49895","3"
"g_49902","7"
"g_49904","7"
"g_49923","3"
"g_49925","8"
"g_49934","3"
"g_49936","3"
"g_49937","8"
"g_49941","4"
"g_49943","7"
"g_49974","7"
"g_49994","3"
"g_50002","10"
"g_50008","7"
"g_50011","6"
"g_50012","3"
"g_50056","1"
"g_50063","4"
"g_50078","7"
"g_50079","8"
"g_50087","6"
"g_50092","8"
"g_50104","7"
"g_50110","7"
"g_50119","8"
"g_50126","3"
"g_50158","3"
"g_50204","7"
"g_50207","10"
"g_50230","3"
"g_50233","6"
"g_50237","3"
"g_50239","7"
"g_50241","8"
"g_50249","6"
"g_50259","3"
"g_50266","3"
"g_50296","10"
"g_50302","7"
"g_50317","4"
"g_50326","7"
"g_50342","6"
"g_50354","7"
"g_50358","7"
"g_50366","1"
"g_50369","8"
"g_50387","7"
"g_50394","3"
"g_50408","4"
"g_50434","6"
"g_50438","10"
"g_50441","3"
"g_50447","7"
"g_50450","3"
"g_50459","6"
"g_50467","8"
"g_50495","8"
"g_50519","7"
"g_50520","10"
"g_50526","7"
"g_50530","6"
"g_50534","3"
"g_50551","10"
"g_50574","4"
"g_50575","10"
"g_50591","6"
"g_50596","3"
"g_50602","5"
"g_50605","10"
"g_50617","6"
"g_50633","4"
"g_50645","10"
"g_50660","7"
"g_50676","3"
"g_50723","3"
"g_50727","6"
"g_50730","3"
"g_50746","7"
"g_50753","7"
"g_50770","5"
"g_50772","4"
"g_50793","7"
"g_50799","8"
"g_50800","7"
"g_50809","6"
"g_50824","7"
"g_50834","7"
"g_50847","4"
"g_50862","6"
"g_50866","10"
"g_50867","6"
"g_50868","10"
"g_50884","7"
"g_50892","3"
"g_50902","7"
"g_50903","3"
"g_50908","10"
"g_50913","7"
"g_50929","7"
"g_50941","5"
"g_50943","9"
"g_50944","9"
"g_50953","10"
"g_50957","7"
"g_50973","8"
"g_50977","7"
"g_50982","8"
"g_51039","7"
"g_51043","7"
"g_51048","7"
"g_51052","7"
"g_51057","7"
"g_51059","7"
"g_51065","6"
"g_51070","10"
"g_51087","3"
"g_51101","8"
"g_51103","4"
"g_51104","3"
"g_51127","6"
"g_51138","8"
"g_51140","3"
"g_51143","6"
"g_51157","7"
"g_51165","4"
"g_51174","7"
"g_51175","10"
"g_51179","6"
"g_51213","10"
"g_51217","8"
"g_51234","8"
"g_51260","6"
"g_51268","7"
"g_51271","7"
"g_51290","7"
"g_51303","10"
"g_51304","10"
"g_51325","7"
"g_51332","6"
"g_51381","6"
"g_51385","7"
"g_51393","4"
"g_51398","7"
"g_51401","7"
"g_51409","8"
"g_51414","1"
"g_51415","7"
"g_51418","10"
"g_51421","8"
"g_51423","8"
"g_51427","7"
"g_51430","7"
"g_51440","4"
"g_51446","8"
"g_51450","6"
"g_51452","7"
"g_51454","7"
"g_51461","7"
"g_51468","6"
"g_51469","7"
"g_51487","7"
"g_51502","10"
"g_51509","10"
"g_51513","7"
"g_51514","6"
"g_51516","7"
"g_51523","5"
"g_51526","5"
"g_51534","3"
"g_51541","8"
"g_51545","6"
"g_51550","7"
"g_51573","6"
"g_51601","6"
"g_51619","7"
"g_51620","8"
"g_51623","7"
"g_51624","8"
"g_51630","7"
"g_51633","6"
"g_51642","8"
"g_51645","6"
"g_51649","7"
"g_51650","7"
"g_51655","8"
"g_51656","7"
"g_51661","8"
"g_51664","7"
"g_51665","10"
"g_51670","8"
"g_51684","7"
"g_51694","8"
"g_51704","10"
"g_51736","7"
"g_51741","3"
"g_51753","7"
"g_51762","7"
"g_51764","8"
"g_51776","8"
"g_51790","7"
"g_51798","6"
"g_51799","6"
"g_51804","7"
"g_51805","7"
"g_51812","6"
"g_51813","7"
"g_51816","3"
"g_51819","3"
"g_51825","7"
"g_51830","7"
"g_51834","7"
"g_51835","7"
"g_51847","6"
"g_51852","3"
"g_51893","6"
"g_51895","6"
"g_51898","7"
"g_51912","6"
"g_51916","6"
"g_51923","7"
"g_51926","8"
"g_51938","7"
"g_51969","7"
"g_51984","8"
"g_51988","3"
"g_52020","8"
"g_52029","3"
"g_52031","7"
"g_52037","7"
"g_52040","8"
"g_52060","8"
"g_52083","3"
"g_52090","7"
"g_52091","5"
"g_52093","7"
"g_52123","9"
"g_52131","7"
"g_52145","7"
"g_52152","7"
"g_52165","6"
"g_52172","7"
"g_52195","7"
"g_52206","6"
"g_52217","8"
"g_52244","6"
"g_52268","6"
"g_52276","3"
"g_52287","7"
"g_52290","3"
"g_52292","7"
"g_52294","8"
"g_52297","10"
"g_52317","8"
"g_52364","3"
"g_52383","7"
"g_52385","8"
"g_52396","7"
"g_52400","3"
"g_52401","7"
"g_52407","7"
"g_52420","10"
"g_52421","7"
"g_52432","7"
"g_52443","7"
"g_52445","7"
"g_52455","7"
"g_52465","7"
"g_52473","7"
"g_52483","2"
"g_52495","8"
"g_52513","4"
"g_52529","6"
"g_52534","7"
"g_52585","5"
"g_52605","7"
"g_52621","3"
"g_52638","8"
"g_52647","7"
"g_52666","6"
"g_52668","6"
"g_52687","7"
"g_52689","7"
"g_52690","8"
"g_52691","7"
"g_52700","10"
"g_52709","7"
"g_52725","7"
"g_52748","7"
"g_52758","7"
"g_52759","8"
"g_52760","7"
"g_52766","7"
"g_52770","6"
"g_52771","7"
"g_52777","7"
"g_52815","7"
"g_52844","6"
"g_52850","7"
"g_52880","10"
"g_52893","10"
"g_52894","7"
"g_52902","7"
"g_52915","7"
"g_52925","5"
"g_52926","7"
"g_52955","7"
"g_52977","7"
"g_52985","7"
"g_52995","7"
"g_52999","7"
"g_53019","10"
"g_53033","7"
"g_53036","7"
"g_53054","10"
"g_53063","7"
"g_53079","7"
"g_53098","7"
"g_53110","7"
"g_53114","5"
"g_53120","7"
"g_53157","7"
"g_53165","7"
"g_53187","7"
"g_53194","7"
"g_53206","7"
"g_53231","10"
"g_53262","7"
"g_53290","7"
"g_53299","7"
"g_53305","10"
"g_53306","10"
"g_53332","7"
"g_53377","1"
"g_53401","7"
"g_53413","7"
"g_53425","7"
"g_53427","7"
"g_53431","7"
"g_53435","10"
"g_53441","7"
"g_53442","7"
"g_53444","10"
"g_53446","10"
"g_53450","7"
"g_53454","7"
"g_53461","7"
"g_53486","7"
"g_53501","10"
"g_53517","7"
"g_53521","7"
"g_53522","7"
"g_53524","10"
"g_53532","7"
"g_53538","7"
"g_53570","10"
"g_53571","7"
"g_53579","7"
"g_53587","10"
"g_53620","6"
"g_53629","7"
"g_53633","6"
"g_53669","7"
"g_53671","7"
"g_53673","7"
"g_53698","3"
"g_53715","10"
"g_53719","3"
"g_53732","8"
"g_53743","7"
"g_53759","7"
"g_53761","7"
"g_53770","7"
"g_53774","7"
"g_53781","7"
"g_53787","10"
"g_53793","7"
"g_53811","7"
"g_53824","10"
"g_53826","7"
"g_53842","7"
"g_53867","10"
"g_53873","10"
"g_53891","7"
"g_53909","7"
"g_53910","10"
"g_53923","7"
"g_53965","10"
"g_53966","7"
"g_53977","7"
"g_53998","10"
"g_54001","7"
"g_54002","6"
"g_54014","7"
"g_54018","7"
"g_54042","1"
"g_54051","3"
"g_54053","7"
"g_54061","7"
"g_54074","10"
"g_54077","7"
"g_54080","7"
"g_54094","7"
"g_54101","7"
"g_54102","7"
"g_54111","7"
"g_54116","7"
"g_54124","7"
"g_54128","7"
"g_54136","10"
"g_54143","7"
"g_54166","4"
"g_54178","7"
"g_54180","7"
"g_54191","7"
"g_54221","7"
"g_54235","7"
"g_54244","7"
"g_54249","7"
"g_54260","7"
"g_54265","10"
"g_54276","7"
"g_54280","7"
"g_54289","7"
"g_54313","7"
"g_54349","10"
"g_54354","7"
"g_54364","5"
"g_54372","7"
"g_54374","7"
"g_54381","7"
"g_54407","10"
"g_54416","7"
"g_54417","10"
"g_54421","7"
"g_54429","10"
"g_54443","7"
"g_54451","6"
"g_54459","10"
"g_54461","7"
"g_54466","10"
"g_54469","7"
"g_54476","10"
"g_54501","7"
"g_54507","7"
"g_54509","10"
"g_54514","7"
"g_54518","7"
"g_54540","7"
"g_54569","7"
"g_54577","7"
"g_54582","7"
"g_54583","7"
"g_54588","7"
"g_54591","7"
"g_54596","7"
"g_54605","7"
"g_54630","7"
"g_54654","10"
"g_54657","7"
"g_54662","7"
"g_54681","7"
"g_54693","7"
"g_54701","7"
"g_54716","7"
"g_54734","7"
"g_54741","7"
"g_54764","7"
"g_54780","7"
"g_54782","10"
"g_54787","7"
"g_54792","7"
"g_54799","7"
"g_54800","7"
"g_54815","10"
"g_54818","7"
"g_54836","7"
"g_54837","7"
"g_54842","7"
"g_54843","7"
"g_54868","7"
"g_54877","7"
"g_54879","1"
"g_54886","7"
"g_54895","7"
"g_54901","7"
"g_54928","7"
"g_54929","7"
"g_54942","7"
"g_54953","7"
"g_54956","7"
"g_54959","7"
"g_54964","7"
"g_54972","7"
"g_55010","7"
"g_55013","7"
"g_55014","7"
"g_55015","7"
"g_55017","3"
"g_55025","7"
"g_55043","7"
"g_55045","7"
"g_55056","7"
"g_55062","7"
"g_55065","7"
"g_55080","7"
"g_55084","7"
"g_55085","7"
"g_55086","7"
"g_55094","7"
"g_55098","7"
"g_55099","1"
"g_55100","7"
"g_55107","1"
"g_55110","1"
"g_55114","7"
"g_55117","10"
"g_55118","7"
"g_55123","7"
"g_55127","7"
"g_55141","7"
"g_55158","7"
"g_55167","7"
"g_55169","7"
"g_55172","10"
"g_55187","7"
"g_55202","7"
"g_55207","7"
"g_55212","10"
"g_55213","7"
"g_55216","7"
"g_55226","7"
"g_55246","7"
"g_55251","6"
"g_55265","10"
"g_55274","7"
"g_55280","7"
"g_55284","7"
"g_55301","7"
"g_55316","7"
"g_55319","7"
"g_55324","7"
"g_55326","7"
"g_55344","7"
"g_55352","7"
"g_55362","7"
"g_55365","7"
"g_55367","7"
"g_55379","7"
"g_55389","7"
"g_55401","7"
"g_55414","7"
"g_55415","7"
"g_55420","7"
"g_55424","10"
"g_55435","1"
"g_55436","7"
"g_55453","7"
"g_55457","7"
"g_55466","7"
"g_55478","10"
"g_55486","10"
"g_55490","7"
"g_55527","7"
"g_55531","7"
"g_55534","7"
"g_55543","7"
"g_55548","7"
"g_55568","8"
"g_55569","7"
"g_55583","7"
"g_55606","7"
"g_55610","7"
"g_55611","7"
"g_55616","7"
"g_55633","10"
"g_55651","7"
"g_55657","7"
"g_55681","7"
"g_55688","7"
"g_55691","10"
"g_55700","7"
"g_55703","10"
"g_55710","9"
"g_55720","7"
"g_55724","5"
"g_55749","7"
"g_55752","7"
"g_55760","7"
"g_55762","10"
"g_55764","7"
"g_55811","9"
"g_55813","7"
"g_55821","7"
"g_55823","7"
"g_55838","10"
"g_55844","7"
"g_55850","7"
"g_55871","7"
"g_55878","7"
"g_55891","7"
"g_55901","7"
"g_55909","7"
"g_55910","10"
"g_55911","7"
"g_55928","7"
"g_55956","7"
"g_55969","9"
"g_55974","7"
"g_55978","7"
"g_55983","9"
"g_55985","7"
"g_55986","7"
"g_55989","10"
"g_56001","7"
"g_56036","7"
"g_56051","6"
"g_56055","7"
"g_56057","10"
"g_56076","7"
"g_56088","7"
"g_56115","10"
"g_56121","10"
"g_56124","10"
"g_56137","7"
"g_56150","7"
"g_56155","7"
"g_56167","10"
"g_56186","7"
"g_56219","7"
"g_56231","7"
"g_56232","7"
"g_56260","7"
"g_56279","7"
"g_56321","7"
"g_56322","10"
"g_56323","7"
"g_56324","7"
"g_56342","7"
"g_56345","10"
"g_56400","7"
"g_56410","7"
"g_56417","7"
"g_56419","7"
"g_56420","10"
"g_56445","7"
"g_56468","7"
"g_56495","7"
"g_56498","10"
"g_56499","7"
"g_56504","7"
"g_56522","7"
"g_56531","7"
"g_56538","7"
"g_56548","7"
"g_56553","7"
"g_56567","10"
"g_56569","7"
"g_56578","7"
"g_56585","10"
"g_56598","8"
"g_56634","7"
"g_56636","10"
"g_56661","7"
"g_56668","7"
"g_56692","7"
"g_56696","10"
"g_56707","7"
"g_56720","10"
"g_56727","7"
"g_56737","7"
"g_56743","7"
"g_56745","7"
"g_56754","10"
"g_56761","7"
"g_56762","7"
"g_56769","7"
"g_56772","10"
"g_56774","7"
"g_56783","7"
"g_56792","6"
"g_56794","7"
"g_56828","7"
"g_56831","7"
"g_56835","7"
"g_56855","7"
"g_56858","10"
"g_56864","7"
"g_56869","10"
"g_56870","10"
"g_56888","7"
"g_56898","10"
"g_56913","10"
"g_56950","10"
"g_56953","1"
"g_56956","7"
"g_56984","7"
